Arb_ID,Age,Gender,BMI,Type.II.Diabetes,#IID,rs1421085,rs7074440,rs9273367,rs9275530,rs9368219
77805252824,62.0,1.0,60.5025835519891,0.0,77805252824,CT,GG,AA,GG,CT
55979726895,38.0,0.0,60.2356666251208,1.0,55979726895,CC,AG,AT,GG,CC
59135084867,27.0,0.0,59.5590737774693,1.0,59135084867,CC,GG,,GG,CC
5654467294,41.0,0.0,,1.0,5654467294,TT,AG,AT,GG,CC
75132640171,51.0,0.0,60.5434564581418,1.0,75132640171,CC,GG,TT,GG,CT
31073992919,46.0,0.0,,1.0,31073992919,CC,GG,AT,GC,CC
76985507846,50.0,0.0,60.8903394416221,1.0,76985507846,CT,AG,AT,CC,CC
